{
  "table": "| Regime | Acc | short | medium | long | fact | decision | status | retrieval | tokens | acc/10k tok |\n|---|---|---|---|---|---|---|---|---|---|---|\n| full-history | 100% | 100% | 100% | 100% | 100% | 100% | 100% | 0% | 220,001 | 4.5 |\n| summary | 74% | 100% | 94% | 0% | 79% | 71% | 67% | 0% | 162,215 | 4.6 |\n| rope | 96% | 97% | 92% | 100% | 96% | 92% | 100% | 66% | 132,797 | 7.2 |",
  "elapsed_min": 26.9,
  "rope_vs_full-history": {
    "n": 90,
    "mean_a": 0.9555555555555556,
    "mean_b": 1.0,
    "diff": -0.0444444444444444,
    "ci": [
      -0.08888888888888889,
      -0.011111111111111112
    ],
    "verdict": "A-worse",
    "phrase": "rope trails full-history (96% vs 100%; 95% CI [-8.9%, -1.1%], n=90)"
  },
  "rope_vs_summary": {
    "n": 90,
    "mean_a": 0.9555555555555556,
    "mean_b": 0.7444444444444445,
    "diff": 0.21111111111111114,
    "ci": [
      0.1111111111111111,
      0.3111111111111111
    ],
    "verdict": "A-better",
    "phrase": "rope beats summary (96% vs 74%; 95% CI [+11.1%, +31.1%], n=90)"
  }
}